{"cameraMode":{"drawMode":0,"name":"Shaded","section":"Shading Mode"},"sceneLighting":false,"audioPlay":false,"sceneViewState":{"showFog":true,"showMaterialUpdate":false,"showSkybox":false,"showFlares":true,"showImageEffects":true,"showParticleSystems":true},"in2DMode":false,"pivot":{"x":24.150190353393556,"y":23.470977783203126,"z":-12.407855987548829},"rotation":{"x":0.2768426537513733,"y":0.009254518896341324,"z":-0.002663659630343318,"w":0.9609335660934448},"size":1.1660254001617432,"orthographic":false}