{"cameraMode":{"drawMode":0,"name":"Shaded","section":"Shading Mode"},"sceneLighting":false,"audioPlay":false,"sceneViewState":{"showFog":true,"showMaterialUpdate":false,"showSkybox":false,"showFlares":true,"showImageEffects":true,"showParticleSystems":true},"in2DMode":false,"pivot":{"x":-30.051433563232423,"y":3.1050000190734865,"z":-39.209999084472659},"rotation":{"x":-0.19377143681049348,"y":0.09344644099473953,"z":-0.018539559096097947,"w":-0.9764658808708191},"size":0.44895294308662417,"orthographic":false}